Sample	Error rate	Non-primary	Reads mapped	% Mapped	% Proper pairs	Total seqs	Reads mapped
sample	0.6910702000000001	0	0.009987	2.4544717245447174	2.416869424168694	0.40689	0.010001999999999999
